|id|sitc|name
0|105722|5722|Initiating Devices
1|105838|5838|Polymerization Ion Exchangers
2|106250|6250|Rubber tires, tire cases, inner and flaps, for wheels of all kinds
3|106251|6251|Car Tires
4|106280|6280|Other articles of rubber
5|106282|6282|Transmission Belts
6|106289|6289|Miscellaneous Rubber
7|106352|6352|Casks and Barrels
8|106418|6418|Coated Paper
9|106572|6572|Bonded Fiber Fabrics
10|106577|6577|Textiles Fabrics for Machinery
11|106631|6631|Polishing Stones
12|106632|6632|Abrasive Powder
13|106645|6645|Unworked Cast Glass
14|106647|6647|Safety Glass
15|106731|6731|Iron Wire
16|106760|6760|Metal Railway Material
17|106781|6781|Iron Pipes
18|106782|6782|Seamless Iron Tubes
19|106784|6784|High-pressure hydro-electric conduits of steel
20|106785|6785|Iron Tubes
21|106793|6793|Iron and Steel Forging
22|106832|6832|Worked Nickel
23|106940|6940|Fasteners
24|106950|6950|Tools for use in machines or by hand
25|106954|6954|Interchangeable Tool Parts
26|106975|6975|Miscellaneous Indoors Sanitary Ware of Base Metal
27|106991|6991|Locksmith Hardware
28|106992|6992|Metal Chains
29|106994|6994|Metal Springs
30|107000|7000|Machinery and transport equipment
31|107100|7100|Power generating machinery and equipment
32|107120|7120|Steam engines, turbines
33|107126|7126|Steam Power Units
34|107129|7129|Miscellaneous Parts of Steam Power Units
35|107130|7130|Internal combustion piston engines and parts
36|107132|7132|Motor Vehicles Piston Engines
37|107133|7133|Internal Combustion Engines for Boats
38|107138|7138|Miscellaneous Combustion Engines
39|107139|7139|Piston Engine Parts
40|107140|7140|Non-electric engines and motors
41|107160|7160|Rotating electric plant and parts thereof, nes
42|107161|7161|DC Motors
43|107162|7162|Electric Motors and AC Generators
44|107163|7163|Rotary Converters
45|107169|7169|Miscellaneous Rotating Electric Plant Parts
46|107187|7187|Nuclear Reactors
47|107188|7188|Miscellaneous Engines
48|107200|7200|Machinery specialized for specific industries
49|107210|7210|Agricultural machinery (excluding tractors) and parts thereof, nes
50|107211|7211|Soil Preparation Machinery
51|107212|7212|Harvesting Machines
52|107213|7213|Dairy Machinery
53|107219|7219|Miscellaneous Agricultural Machinery
54|107220|7220|Non-road tractors
55|107223|7223|Track Laying Tractors
56|107224|7224|Tractors
57|107230|7230|Civil engineering equipment
58|107233|7233|Road Rollers
59|107234|7234|Construction Machinery
60|107239|7239|Miscellaneous Machinery
61|107240|7240|Textile and leather machinery
62|107243|7243|Sewing Machinery
63|107244|7244|Textile Machinery
64|107245|7245|Yarn Preparing Machines
65|107246|7246|Auxiliary Weaving Machinery
66|107247|7247|Miscellaneous Textile Machinery
67|107250|7250|Paper & pulp mill machinery
68|107251|7251|Cellulose Pulp Making Machines
69|107252|7252|Paper Making Machines
70|107259|7259|Paper Making Machine Parts
71|107260|7260|Printing, bookbinding machinery, and parts thereof, nes
72|107263|7263|Type Setting Machines
73|107264|7264|Printing Presses
74|107267|7267|Miscellaneous Printing Machines
75|107268|7268|Bookbinding Machines
76|107269|7269|Printing Machine Parts
77|107271|7271|Grain Milling Machinery
78|107272|7272|Miscellaneous Food-Processing Machinery
79|107280|7280|Other machinery, equipment, for specialized industries; parts nes
80|107281|7281|Machine Tools for Specialized Industries
81|107283|7283|Miscellaneous Mineral Working Tools
82|107284|7284|Machinery for Specialized Industries
83|107300|7300|Metalworking machinery
84|107360|7360|Metalworking machine-tools, parts and accessories thereof
85|107361|7361|Metal Cutting Machines
86|107362|7362|Metal Forming Machine Tool
87|107367|7367|Miscellaneous Metalworking Machine-Tools
88|107368|7368|Tool Holders
89|107369|7369|Parts of Metalworking Machine Tools
90|107370|7370|Metalworking machinery (other than machine-tools), and parts, nes
91|107371|7371|Miscellaneous Metallurgy Equipment
92|107372|7372|Rolling Mills
93|107373|7373|Miscellaneous Metalworking Machinery
94|107400|7400|General industrial machinery and equipment, nes, and parts of, nes
95|107411|7411|Gas Generators
96|107412|7412|Furnaces
97|107413|7413|Industrial Furnaces and Ovens
98|107416|7416|Miscellaneous Heating and Cooling Equipment
99|107420|7420|Pumps for liquids; liquid elevators; and parts thereof, nes
100|107422|7422|Centrifugal Pumps
101|107423|7423|Rotary Pumps
102|107428|7428|Miscellaneous Pumps
103|107429|7429|Miscellaneous Liquid Pump Parts
104|107430|7430|Pumps, compressors, fans and blowers
105|107431|7431|Air Pumps and Compressors
106|107432|7432|Miscellaneous Pump Parts
107|107433|7433|Free-piston generators for gas turbines and parts
108|107434|7434|Fans and Blowers
109|107435|7435|Centrifuges
110|107436|7436|Filtering and Purifying Machinery
111|107439|7439|Miscellaneous Centrifuge and Filtering Machinery
112|107440|7440|Mechanical handling equipment and parts
113|107441|7441|Factory Trucks
114|107442|7442|Lifting and Loading Machinery
115|107449|7449|Miscellaneous Parts of Lifting Machinery
116|107451|7451|Pneumatic Power Hand Tools
117|107452|7452|Miscellaneous Non-Electrical Machines
118|107490|7490|Non-electric parts and accessories of machinery, nes
119|107491|7491|Roller Bearings
120|107492|7492|Valves
121|107493|7493|Pulley System Parts
122|107499|7499|Miscellaneous Non-Electrical Machinery Parts
123|107721|7721|Circuit Breakers and Panels
124|107732|7732|Electrical Insulators
125|107758|7758|Electric Heating Devices
126|107783|7783|Automotive Electrical Equipment
127|107784|7784|Power Tools
128|107800|7800|Road vehicles
129|107810|7810|Cars
130|107821|7821|Trucks and Vans
131|107822|7822|Special Purpose Trucks and Vans
132|107831|7831|Public Passenger Vehicles
133|107832|7832|Tractor Units
134|107840|7840|Parts & accessories of motor vehicles
135|107841|7841|Chassis with Engines
136|107842|7842|Vehicle Bodies
137|107849|7849|Vehicles Parts and Accessories
138|107850|7850|Motorcycles, scooters and motorized wheelchairs
139|107851|7851|Motorcycles
140|107860|7860|Trailers, and other vehicles, not motorized
141|107868|7868|Non-Mechanically Propelled Vehicles
142|107900|7900|Other transport equipment
143|107910|7910|Railway vehicles and associated equipment
144|107911|7911|Electric Trains
145|107913|7913|Mechanically Propelled Railway
146|107914|7914|Railway Passenger Cars
147|107918|7918|Railway or tramway freight and maintenance cars
148|107919|7919|Railway Track Fixtures and Fittings
149|108121|8121|Central Heating Equipment
150|108732|8732|Non-Electrical Counting Devices
151|108741|8741|Analog Navigation Devices
152|108743|8743|Control Instruments of Gas or Liquid
153|108749|8749|Measuring Instrument Parts
154|108812|8812|Movie Cameras and Equipment
155|108935|8935|Plastic Lamps
156|108946|8946|Non-Military Arms
157|108989|8989|Musical Instrument Parts
158|109510|9510|Armoured Vehicles, Firearms and Ammunition
159|116637|6637|Miscellaneous Refractory Goods
160|116648|6648|Mirrors
161|117415|7415|Air Conditioners
162|117421|7421|Reciprocating Pumps
163|117500|7500|Office machines and automatic data processing equipment
164|117510|7510|Office machines
165|117511|7511|Typewriters
166|117512|7512|Calculating Machines
167|117518|7518|Miscellaneous Office Equipment
168|117520|7520|Automatic data processing machines
169|117521|7521|Analog Computers
170|117522|7522|Personal Computers
171|117523|7523|CPUs
172|117524|7524|Digital storage units
173|117525|7525|Computer Peripherals
174|117528|7528|Miscellaneous Data Processing Equipment
175|117590|7590|Parts, nes of and accessories for machines of headings 751 or 752
176|117591|7591|Parts of Office Machines
177|117599|7599|Computer Parts and Accessories
178|117610|7610|Television receivers
179|117611|7611|Color TVs
180|117612|7612|Black and White TV
181|117620|7620|Radio-broadcast receivers
182|117621|7621|Vehicles Stereos
183|117622|7622|Portable Stereos
184|117628|7628|Miscellaneous Stereo Equipment
185|117630|7630|Sound recording devices
186|117631|7631|Recorded Audio Players
187|117638|7638|Video and Sound Recorders
188|117640|7640|Telecommunication equipment, nes; parts and accessories, nes
189|117641|7641|Telephone Line
190|117642|7642|Audio Amplifiers
191|117643|7643|TV and Radio Transmitters
192|117648|7648|Miscellaneous Telecom Equipment
193|117649|7649|Telecom Parts and Accessories
194|117712|7712|Miscellaneous Power Machinery
195|117720|7720|Electrical apparatus for making and breaking electrical circuits
196|117722|7722|Printed Circuits
197|117723|7723|Electrical Resistors
198|117730|7730|Equipment for distribution of electricity
199|117751|7751|Washing Machines
200|117753|7753|Dishwashers
201|117754|7754|Shavers and Hair Clippers
202|117757|7757|Home Electrical Appliances
203|117760|7760|Thermionic, microcircuits, transistors, valves, etc
204|117761|7761|TV Tubes and Cathode Rays
205|117762|7762|Electronic Valves and Tubes
206|117763|7763|Diodes, Transistors and Photocells
207|117764|7764|Electronic Microcircuits
208|117768|7768|Miscellaneous Electronic Circuit Parts
209|117780|7780|Other electrical machinery
210|117781|7781|Batteries
211|117788|7788|Miscellaneous Electrical Machinery
212|118124|8124|Lighting Fixtures
213|118482|8482|Plastic or Rubber Clothing
214|118710|8710|Optical Instruments
215|118740|8740|Measuring, checking and analysing instruments
216|118810|8810|Photographic apparatus and equipment, nes
217|118811|8811|Cameras
218|118813|8813|Photo and Movie Equipment
219|118820|8820|Photographic and cinematographic supplies
220|118841|8841|Optical Lenses
221|118850|8850|Watches and clocks
222|118852|8852|Clocks
223|118900|8900|Miscellaneous manufactured articles
224|118942|8942|Toys and Games
225|118947|8947|Sporting Goods
226|118980|8980|Musical instruments, parts and accessories thereof
227|118981|8981|Pianos and String Instruments
228|118982|8982|Miscellaneous Musical Instruments
229|118983|8983|Sound Recording Media
230|118990|8990|Other miscellaneous manufactured articles, nes
231|126253|6253|Aircraft Tires
232|127131|7131|Internal Combustion Engines for Aircraft
233|127144|7144|Reaction Engines
234|127148|7148|Miscellaneous Gas Turbines
235|127149|7149|Parts of Gas Turbines and Reaction Engines
236|127920|7920|Aircraft and equipment and parts
237|127922|7922|Small Aircraft
238|127923|7923|Aircraft
239|127924|7924|Large Aircraft
240|127928|7928|Miscellaneous Aircraft Equipment
241|127929|7929|Aircraft Parts and Accessories
242|136252|6252|Large Transport Vehicle Tires
243|136254|6254|Bike Tires
244|136259|6259|Miscellaneous Tire Parts
245|136623|6623|Refractory Bricks
246|136644|6644|Unworked Surface Ground Cast Glass
247|136646|6646|Pressed or Moulded Glass
248|136770|6770|Uninsulated Steel Wire
249|136931|6931|Metal Cables
250|137110|7110|Steam & other vapour generating boilers & parts
251|137111|7111|Steam Water Boilers
252|137112|7112|Condensers
253|137119|7119|Miscellaneous Boiler Parts
254|137711|7711|Electrical Transformers
255|137782|7782|Lightbulbs
256|138731|8731|Gas, Liquid and Electric Meters
257|145620|5620|Fertilizers, manufactured
258|145822|5822|Aminoplasts
259|145852|5852|Miscellaneous Artificial Plastics
260|147915|7915|Rail Freight Transport
261|147921|7921|Helicopters
262|147930|7930|Ships, boats and floating structures
263|147931|7931|Warships
264|147932|7932|Ships and Boats
265|147933|7933|Ships for Disposal
266|147938|7938|Miscellaneous Boats and Floating Structures
267|148930|8930|Articles, nes of plastic materials
268|152814|2814|Roasted Iron Pyrites
269|152829|2829|Waste and scrap metal of iron or steel
270|152880|2880|Non-ferrous base metal waste and scrap, nes
271|155224|5224|Metallic Oxides
272|156630|6630|Mineral manufactures, nes
273|156710|6710|Pig and sponge iron, spiegeleisen, etc, and ferro-alloys
274|156712|6712|Pig and Cast Iron
275|156713|6713|Iron and Steel Powders
276|156716|6716|Ferro-alloys
277|156720|6720|Ingots and other primary forms, of iron or steel
278|156724|6724|Blocks of Iron and Steel
279|156725|6725|Iron Billets
280|156727|6727|Iron Coils
281|156730|6730|Iron and steel bars, rods, shapes and sections
282|156733|6733|Iron Shapes
283|156740|6740|Universals, plates, and sheets, of iron or steel
284|156741|6741|Universal plates of iron or steel
285|156744|6744|Thick Iron Sheets
286|156745|6745|Iron Sheets
287|156746|6746|Thin Iron Sheets
288|156747|6747|Tinned Sheets
289|156749|6749|Miscellaneous Processed Iron
290|156750|6750|Iron or steel hot or cold rolled
291|156780|6780|Tube, pipes and fittings, of iron or steel
292|156783|6783|Miscellaneous Iron Tubes and Pipes
293|156790|6790|Iron, steel casting, forging and stamping, in the rough state, nes
294|156822|6822|Processed Copper
295|156863|6863|Zinc
296|156900|6900|Manufactures of metals, nes
297|156920|6920|Metal containers for storage and transport
298|156930|6930|Wire products (excluding insulated electrical wire); fencing grills
299|202400|2400|Cork and wood
300|202450|2450|Fuel Wood and Charcoal
301|202460|2460|Pulpwood
302|202470|2470|Other wood in the rough or roughly squared
303|202471|2471|Rough Coniferous Logs
304|202472|2472|Non-Coniferous Sawlogs
305|202479|2479|Rough Wood
306|202480|2480|Wood, simply worked, and railway sleepers of wood
307|202481|2481|Railroad Ties
308|202482|2482|Coniferous Wood
309|202483|2483|Non-Coniferous Worked Wood
310|202510|2510|Pulp and waste paper
311|203510|3510|Electric Current
312|206000|6000|Manufactured goods classified chiefly by materials
313|206340|6340|Veneers, plywood, improved wood and other wood, worked, nes
314|206341|6341|Sawn Wood Less Than 5mm Thick
315|206342|6342|Plywood
316|206343|6343|Improved Wood
317|206344|6344|Wood Panels
318|206349|6349|Simply Shaped Wood
319|206350|6350|Wood manufactures, nes
320|206351|6351|Wood Boxes
321|206353|6353|Carpentry Wood
322|206359|6359|Miscellaneous Manufactured Wood Articles
323|206410|6410|Paper and paperboard
324|206416|6416|Fiberboard
325|206417|6417|Tissue Paper
326|206420|6420|Paper and paperboard, precut, and articles of paper or paperboard
327|206422|6422|Correspondence Stationary
328|206428|6428|Miscellaneous Articles of Paper
329|206582|6582|Textile Camping Goods
330|206590|6590|Floor coverings, etc
331|206610|6610|Lime, cement, and fabricated construction materials
332|206618|6618|Fiber Cements
333|206620|6620|Clay and refractory construction materials
334|206624|6624|Building Materials
335|206633|6633|Miscellaneous Mineral Materials
336|206649|6649|Miscellaneous Glass
337|206660|6660|Pottery
338|206732|6732|Iron Bars and Rods
339|206842|6842|Processed Aluminium
340|206910|6910|Structures and parts, nes, of iron, steel or aluminium
341|206911|6911|Iron Structures
342|206912|6912|Aluminium Structures
343|206921|6921|Reservoir Tanks
344|206924|6924|Metal Containers
345|206970|6970|Household equipment of base metal, nes
346|206973|6973|Domestic Non-Electric Stoves
347|206990|6990|Manufactures of base metal, nes
348|206996|6996|Miscellaneous Articles of Base Metals
349|206997|6997|Miscellaneous Articles of Iron
350|207414|7414|Miscellaneous Refrigeration Equipment
351|207731|7731|Electric Wire
352|207750|7750|Household type equipment, nes
353|207752|7752|Household Refrigeration
354|207861|7861|Transportation Containers
355|208000|8000|Miscellaneous manufactured articles
356|208120|8120|Sanitary, plumbing, heating, lighting fixtures and fittings, nes
357|208122|8122|Ceramic Fixtures
358|208210|8210|Furniture and parts thereof
359|208211|8211|Chairs and Couches
360|208212|8212|Medical Furniture
361|208219|8219|Miscellaneous Furniture
362|208920|8920|Printed matter
363|208932|8932|Plastic Sanitary Articles
364|208940|8940|Baby carriages, toys, games and sporting goods
365|216576|6576|Hats
366|216597|6597|Plaited Products
367|216640|6640|Glass
368|216643|6643|Blown Glass
369|216650|6650|Glassware
370|216652|6652|Glassware
371|216664|6664|Porcelain
372|216665|6665|Pottery
373|216666|6666|Miscellaneous Ceramic Ornaments
374|216953|6953|Miscellaneous Hand Tools
375|216960|6960|Cutlery
376|216974|6974|Miscellaneous Domestic Articles of Base Metals
377|216978|6978|Miscellaneous Base Metal Household Appliances
378|216993|6993|Pins and Needles
379|217852|7852|Bicycles
380|218842|8842|Eyewear
381|218851|8851|Watches
382|218933|8933|Plastic Ornaments
383|218941|8941|Baby Carriages
384|218950|8950|Office and stationary supplies, nes
385|218951|8951|Metal Office Products
386|218952|8952|Pens and Pencils
387|218959|8959|Miscellaneous Office and Stationary Supplies
388|218960|8960|Artwork
389|218994|8994|Umbrellas and Canes
390|218998|8998|Miscellaneous Small Wares
391|222512|2512|Mechanical Wood Pulp
392|222516|2516|Dissolving Grade Chemical Wood Pulp
393|222517|2517|Chemical Wood Pulp of Soda or Sulphate
394|222518|2518|Chemical Wood Pulp of sulphite
395|222519|2519|Miscellaneous Cellulosic Pulps
396|225851|5851|Derivatives of Rubber
397|225981|5981|Woods and Resin Chemicals
398|226411|6411|Newsprint
399|226412|6412|Rolls of Paper
400|226413|6413|Kraft Paper
401|226415|6415|Miscellaneous Paper
402|300619|619|Sugar Syrups
403|301122|1122|Miscellaneous Fermented Beverages
404|301123|1123|Beer
405|301124|1124|Liquor
406|301221|1221|Cigars
407|305121|5121|Acyclic Alcohols
408|310121|121|Miscellaneous Animal Entrails
409|310483|483|Pasta
410|310484|484|Baked Goods
411|310540|540|Vegetables, fresh or simply preserved; roots and tubers
412|310545|545|Miscellaneous Vegetables
413|310546|546|Frozen Vegetables
414|310560|560|Vegetables, roots and tubers
415|310561|561|Dried Vegetables
416|310564|564|Flour
417|310565|565|Vegetables
418|310570|570|Fruit and nuts, fresh, dried
419|310579|579|Miscellaneous Fruit
420|310580|580|Fruit, preserved, and fruits preparations
421|310583|583|Fruit Jams
422|310585|585|Fruit or Vegetable Juices
423|310586|586|Temporarily Preserved Fruit
424|310589|589|Prepared Fruit
425|310610|610|Sugar and honey
426|310620|620|Confectionary Sugar
427|310730|730|Chocolate
428|310910|910|Margarine and shortening
429|310914|914|Margarine
430|310980|980|Miscellaneous Edibles
431|311110|1110|Miscellaneous Beverages
432|311120|1120|Alcoholic beverages
433|311121|1121|Wine
434|312710|2710|Fertilizers, crude
435|312711|2711|Crude Fertilizer
436|314235|4235|Olive Oil
437|314312|4312|Hydrogenated Oils
438|314313|4313|Fatty and Oil Acids
439|316330|6330|Cork Products
440|316421|6421|Paper Office Containers
441|318931|8931|Plastic Storage Containers
442|402330|2330|Synthetic rubber, latex; waste, scrap of unhardened rubber
443|402332|2332|Reclaimed and Scrap Rubber
444|405831|5831|Polyethylene
445|405832|5832|Polypropylene
446|405834|5834|Polyvinyl Chloride
447|406210|6210|Rubber Materials
448|412713|2713|Natural Calcium Phosphates
449|412733|2733|Sands
450|415221|5221|Chemical Elements
451|415222|5222|Inorganic Acids and Oxygen Compounds
452|415231|5231|Metallic Salts and Peroxysalts of Inorganic Acids
453|415232|5232|Metallic Salts
454|415239|5239|Inorganic Chemical Products
455|415622|5622|Phosphatic Fertilizers
456|415629|5629|Miscellaneous Fertilizers
457|415720|5720|Explosives and pyrotechnic products
458|415721|5721|Prepared Explosives
459|420810|810|Feed for animals
460|420819|819|Food Waste and Animal Feed
461|422652|2652|Hemp
462|423351|3351|Petroleum Jelly
463|425139|5139|Oxygen-Function Acids
464|425330|5330|Pigments, paints, varnishes and related materials
465|425334|5334|Varnishes and Lacquers
466|425335|5335|Glazes
467|425410|5410|Medicinal and pharmaceutical products
468|425413|5413|Antibiotics
469|425414|5414|Vegetable Alkaloids and Derivatives
470|425417|5417|Medicaments
471|425419|5419|Non-Medicinal Pharmaceutical Products
472|425500|5500|Oils and perfume materials; toilet and cleansing preparations
473|425510|5510|Essential oils, perfume and flavour materials
474|425530|5530|Perfumery and Cosmetics
475|425542|5542|Miscellaneous Organic Surfactants
476|425543|5543|Polishes for Floors, Footwear and Metals
477|425821|5821|Phenoplasts
478|425837|5837|Polyvinyl Acetate
479|426419|6419|Miscellaneous Converted Paper
480|426424|6424|Cut Paper
481|426546|6546|Glass Fiber Fabrics
482|426571|6571|Felt
483|426573|6573|Coated Textile Fabrics
484|426579|6579|Special Products of Textile
485|428921|8921|Printed Books and Maps
486|428922|8922|Newspapers and Journals
487|428939|8939|Miscellaneous Articles of Plastic
488|430712|712|Coffee Extracts
489|432712|2712|Natural Sodium Nitrate
490|432714|2714|Crude Natural Potassium Salts
491|432772|2772|Miscellaneous Natural Abrasives
492|433352|3352|Mineral Tars
493|435114|5114|Non-Halogenated Hydrocarbons Derivatives
494|435540|5540|Soap, cleansing and polishing preparations
495|435541|5541|Soaps
496|435621|5621|Nitrogenous Fertilizers
497|435623|5623|Potassic Fertilizers
498|435911|5911|Insecticides
499|435912|5912|Fungicides
500|435913|5913|Herbicides
501|435914|5914|Disinfectants
502|442331|2331|Synthetic Rubber
503|442671|2671|Regenerated Fiber
504|443344|3344|Fuel oils
505|443345|3345|Lubricating Petroleum Oils
506|445100|5100|Organic chemicals
507|445110|5110|Hydrocarbons, nes, and derivatives
508|445111|5111|Acyclic Hydrocarbons
509|445112|5112|Cyclic Hydrocarbons
510|445113|5113|Halogenated Hydrocarbons
511|445120|5120|Alcohols, phenols etc, and their derivatives
512|445122|5122|Cyclic Alcohols
513|445123|5123|Phenols
514|445130|5130|Carboxylic acids, and their derivatives
515|445137|5137|Monocarboxylic Acids
516|445138|5138|Polycaboxylic Acids
517|445140|5140|Nitrogen-function compounds
518|445145|5145|Amine-Function Compounds
519|445146|5146|Oxygen-Function Amino-Compounds
520|445147|5147|Amide Function Compounds
521|445148|5148|Other Nitrogen Function Compounds
522|445150|5150|Organo-inorganic and heterocyclic compounds
523|445154|5154|Organo-Sulphur Compounds
524|445155|5155|Miscellaneous Organo-Inorganic Compounds
525|445156|5156|Heterocyclic Compounds
526|445157|5157|Sulphonamides, Sultones and Sultams
527|445160|5160|Other organic chemicals
528|445161|5161|Ethers and Acetals
529|445162|5162|Aldehyde, Ketone and Quinone-Function Compounds
530|445163|5163|Inorganic Esters
531|445169|5169|Organic Chemicals
532|445220|5220|Inorganic chemical elements, oxides and halogen salts
533|445223|5223|Halogen and Non-Metal Sulphur Compounds
534|445230|5230|Other inorganic chemicals; compounds of precious metals
535|445233|5233|Precious Metals Compounds
536|445249|5249|Miscellaneous Radioactive Materials
537|445310|5310|Synthetic dye, natural indigo, lakes
538|445311|5311|Dye
539|445312|5312|Synthetic Organic Luminophores
540|445320|5320|Dyeing and tanning extracts, and synthetic tanning materials
541|445322|5322|Tanning Extracts
542|445323|5323|Synthetic Tanning Substances
543|445331|5331|Miscellaneous Coloring Products
544|445332|5332|Printing Ink
545|445411|5411|Vitamins
546|445415|5415|Hormones
547|445416|5416|Glycosides and Vaccines
548|445514|5514|Scented Mixtures
549|445800|5800|Artificial resins and plastic materials, and cellulose esters etc
550|445820|5820|Condensation, polycondensation and polyaddition products
551|445824|5824|Polyamides
552|445826|5826|Epoxide Resins
553|445827|5827|Silicones
554|445828|5828|Ion exchangers of condensation
555|445829|5829|Miscellaneous Condensation Products
556|445830|5830|Polymerization and copolymerization products
557|445835|5835|Copolymers of Vinyl Chloride and Vinyl Acetate
558|445836|5836|Acrylic Polymers
559|445839|5839|Miscellaneous Polymerization Products
560|445840|5840|Regenerated cellulose; derivatives of cellulose; vulcanized fibre
561|445841|5841|Regenerated Cellulose
562|445842|5842|Cellulose Nitrates
563|445843|5843|Cellulose Acetates
564|445849|5849|Cellulose Derivates
565|445850|5850|Other artificial resins and plastic materials
566|445910|5910|Pesticides, disinfectants
567|445980|5980|Miscellaneous chemical products, nes
568|445982|5982|Anti-Corrosive Chemicals
569|445983|5983|Organic Chemical Products
570|445989|5989|Chemical Products
571|446281|6281|Hygienic Rubber Articles
572|446641|6641|Nonoptical Glass Balls, Rods or Tubes
573|446642|6642|Optical Glass
574|446871|6871|Unwrought Tin and Alloys
575|446880|6880|Depleted Uranium
576|447740|7740|Electro-medical and radiological equipment
577|447741|7741|Electrical Medical Equipment
578|447742|7742|X-Ray Equipment
579|448720|8720|Medical Instruments
580|448742|8742|Mathematical Calculation Instruments
581|448744|8744|Analog Instruments for Physical Analysis
582|448745|8745|Measuring Controlling Instruments
583|448748|8748|Miscellaneous Electrical Instruments
584|448821|8821|Photographic Chemicals
585|448822|8822|Photographic Film
586|448996|8996|Orthopedic Devices
587|503200|3200|Coal, coke and briquettes
588|503221|3221|Anthracite
589|503222|3222|Coal
590|503223|3223|Lignite
591|503231|3231|Solid Fuels
592|503232|3232|Coke
593|503353|3353|Mineral Tar Pitch
594|512732|2732|Gypsum and Other Calcareous Stone
595|512740|2740|Sulphur and unroasted iron pyrites
596|512741|2741|Sulphur
597|512780|2780|Other crude minerals
598|512784|2784|Asbestos
599|512810|2810|Iron ore and concentrates
600|512815|2815|Iron Ore
601|512816|2816|Iron Ore Agglomerates
602|512860|2860|Uranium and Thorium
603|512870|2870|Ores and concentrates of base metals
604|512871|2871|Copper Ores
605|512872|2872|Nickel Ores
606|512873|2873|Aluminum Ore
607|512877|2877|Manganese
608|512879|2879|Miscellaneous Non-Ferrous Ores
609|512890|2890|Precious Metal Ores
610|515225|5225|Inorganic Bases
611|515240|5240|Radioactive and associated material
612|515241|5241|Radioactive Chemicals
613|516611|6611|Lime
614|516612|6612|Cement
615|516810|6810|Silver, platinum and other metals of the platinum group
616|516811|6811|Silver
617|516820|6820|Copper
618|516821|6821|Copper
619|516830|6830|Nickel
620|516831|6831|Nickel
621|516840|6840|Aluminium
622|516850|6850|Lead
623|516860|6860|Zinc
624|516861|6861|Unwrought Zinc
625|516870|6870|Tin
626|516899|6899|Unwrought Base Metals
627|518973|8973|Precious Jewellery
628|518991|8991|Carving and Molding Tools
629|519710|9710|Gold
630|523300|3300|Petroleum products
631|523330|3330|Crude Petroleum
632|523340|3340|Petroleum products, refined
633|523341|3341|Light oils
634|523342|3342|Medium oils
635|523343|3343|Gas oils
636|523350|3350|Residual petroleum products, nes and related materials
637|523354|3354|Miscellaneous Bituminous Mixtures
638|523410|3410|Gas, natural and manufactured
639|523413|3413|Liquified Petroleum Gases
640|523414|3414|Petroleum Gases
641|542770|2770|Natural abrasives like industrial diamonds
642|542771|2771|Industrial Diamonds
643|546670|6670|Pearl, precious and semi-precious stones, unworked or worked
644|546672|6672|Diamonds
645|546673|6673|Unmounted Precious Stones
646|546674|6674|Synthetic Precious Stones
647|572730|2730|Stone, sand and gravel
648|572731|2731|Unworked Building Stone
649|572734|2734|Stones
650|572742|2742|Unroasted Iron Pyrites
651|572782|2782|Miscellaneous Clay and Refractory Minerals
652|572783|2783|Salt
653|572785|2785|Quartz
654|572786|2786|Metal Waste
655|572789|2789|Miscellaneous Crude Minerals
656|572874|2874|Lead Ore
657|572875|2875|Zinc Ore
658|572876|2876|Tin
659|572881|2881|Ash and Residues
660|572882|2882|Miscellaneous Non-Iron Waste
661|573415|3415|Coal and Water Gas
662|576671|6671|Unmounted Pearls
663|576794|6794|Rough Iron Castings
664|576812|6812|Platinum
665|576841|6841|Aluminum
666|576851|6851|Unwrought Lead
667|576852|6852|Worked Lead
668|576872|6872|Worked Tin and Alloys
669|576891|6891|Unwrought Tungsten, Molybdenum, Tantalum and Magnesium
670|576998|6998|Miscellaneous Metal Articles
671|578974|8974|Miscellaneous Articles of Precious Metals
672|602610|2610|Silk
673|602613|2613|Raw Silk
674|602614|2614|Worm Cocoons
675|602651|2651|Flax
676|602666|2666|Continuous Synthetic Fibres
677|602667|2667|Carded Discontinuous Synthetic Fibres
678|606500|6500|Textile yarn, fabrics, made-up articles, nes, and related products
679|606510|6510|Textile yarn
680|606511|6511|Silk Yarn
681|606513|6513|Cotton Yarn
682|606514|6514|Non-retail Synthetic Yarn
683|606515|6515|Retail Yarn of More Than 85% Synthetic Fiber
684|606516|6516|Yarn of Less Than 85% Synthetic Fibers
685|606517|6517|Yarn of Regenerated Fibers
686|606518|6518|Yarn of Regenerated Fibres
687|606519|6519|Yarn of Textile Fibers
688|606520|6520|Cotton fabrics, woven (not including narrow or special fabrics)
689|606521|6521|Unbleached Cotton Woven Fabrics
690|606522|6522|Finished Cotton Fabrics
691|606530|6530|Fabrics, woven, of man-made fibres (not narrow or special fabrics)
692|606531|6531|Synthetic Woven Fabrics
693|606532|6532|Woven Fabrics of More Than 85% Discontinuous Synthetic Fiber
694|606534|6534|Woven Fabric of less than 85% Discontinuous Synthetic Fibres
695|606535|6535|Continuous Regenerated Woven Fabrics
696|606536|6536|Fabrics of more than 85% discontinuous regenerated fibres
697|606538|6538|Fabrics of less than 85% continuous regenerated fibres
698|606539|6539|Pile and Chenille Fabrics
699|606540|6540|Woven textile fabrics
700|606541|6541|Silk Woven Fabrics
701|606542|6542|Woven Frabrics of More Than 85% Wool
702|606543|6543|Miscellaneous Wool Woven Fabrics
703|606544|6544|Flax Fabrics
704|606549|6549|Miscellaneous Woven Fabrics
705|606550|6550|Knitted or crocheted fabrics (including tubular, etc, fabrics)
706|606551|6551|Knitted Synthetic Fibres
707|606553|6553|Elastic Knitted Fibres
708|606570|6570|Special textile fabrics and related products
709|606583|6583|Blankets
710|606592|6592|Knotted Carpets
711|606593|6593|Hand Woven Rugs
712|612633|2633|Cotton Waste
713|612690|2690|Rags
714|616123|6123|Footwear Parts
715|616354|6354|Decorative Wood
716|616552|6552|Natural Knitted Fibric
717|616560|6560|Embroidery
718|616574|6574|Elastic Fabrics and Trimming
719|616575|6575|Ropes and Cables
720|616580|6580|Made-up articles, wholly or chiefly of textile materials, nes
721|616581|6581|Textile Bags
722|616584|6584|Linens
723|616589|6589|Miscellaneous Textile Articles
724|616594|6594|Wool Carpets
725|616596|6596|Miscellaneous Carpets
726|618310|8310|Luggage
727|618400|8400|Articles of apparel and clothing accessories
728|618420|8420|Men's and boys' outerwear, textile fabrics not knitted or crocheted
729|618421|8421|Men's Coats
730|618422|8422|Men's Suits
731|618423|8423|Men's Pants
732|618424|8424|Men's Jackets
733|618429|8429|Miscellaneous Men's Outerwear
734|618430|8430|Womens, girls, infants outerwear, textile, not knitted or crocheted
735|618431|8431|Women's Coats
736|618432|8432|Women's Suits
737|618433|8433|Dresses
738|618434|8434|Skirts
739|618435|8435|Blouses
740|618439|8439|Miscellaneous Feminine Outerwear
741|618440|8440|Under garments of textile fabrics, not knitted or crocheted
742|618441|8441|Men's Shirts
743|618442|8442|Men's Underwear
744|618443|8443|Women's Underwear
745|618450|8450|Articles of apparel, of textile fabrics, whether or not knitted or crocheted
746|618451|8451|Knitted Outerwear
747|618452|8452|Women's Knitted Outerwear
748|618459|8459|Miscellaneous Knitted Outerwear
749|618460|8460|Under-garments, knitted or crocheted
750|618461|8461|Wool Undergarments
751|618462|8462|Cotton Undergarments
752|618463|8463|Synthetic Knitted Undergarments
753|618464|8464|Undergarments of Other Fibres
754|618465|8465|Lingerie
755|618470|8470|Clothing accessories, of textile fabrics, nes
756|618471|8471|Textile Fabrics Clothing Accessories
757|618472|8472|Knit Clothing Accessories
758|618480|8480|Articles of apparel, clothing accessories, non-textile, headgear
759|618481|8481|Leather Accessories
760|618484|8484|Headgear
761|618510|8510|Footwear
762|618997|8997|Basketwork
763|700410|410|Wheat and meslin, unmilled
764|700411|411|Durum Wheat
765|700412|412|Miscellaneous Wheat
766|700430|430|Unmilled Barley
767|700440|440|Maize
768|700450|450|Cereals, unmilled
769|700480|480|Cereal, flour or starch preparations of fruits or vegetables
770|700740|740|Tea and mate
771|700742|742|Mat√©
772|700813|813|Oilcake
773|702200|2200|Oil seeds and oleaginous fruit
774|702222|2222|Soy Beans
775|702224|2224|Sunflower Seeds
776|702226|2226|Rape Seeds
777|702230|2230|Seeds and oleaginous fruit, whole or broken, for other fixed oils
778|702234|2234|Linseed
779|702238|2238|Miscellaneous Oil Seeds and Fruits
780|702239|2239|Oil Seeds Flour
781|704200|4200|Fixed vegetable oils and fats
782|704230|4230|Fixed vegetable oils, soft, crude refined or purified
783|704232|4232|Soy Bean Oil
784|704234|4234|Peanut Oil
785|704236|4236|Sunflower Seed Oil
786|704239|4239|Miscellaneous Vegetable Oils
787|704240|4240|Other fixed vegetable oils, fluid or solid, crude, refined
788|704241|4241|Linseed Oil
789|704245|4245|Castor Oil
790|704249|4249|Fixed Vegetable Oils
791|704310|4310|Animal and vegetable oils and fats, processed, and waxes
792|704311|4311|Processed Animal and Vegetable Oils
793|705513|5513|Essential Oils
794|710420|420|Rice
795|710421|421|Rice
796|710422|422|Milled Rice
797|710459|459|Miscellaneous Unmilled Cereals
798|710577|577|Nuts
799|710741|741|Tea
800|710811|811|Hay
801|712221|2221|Green Groundnuts
802|712223|2223|Cotton Seeds
803|712225|2225|Sesame Seeds
804|712235|2235|Castor Oil Seeds
805|712630|2630|Cotton
806|712631|2631|Raw Cotton
807|712632|2632|Cotton Linters
808|712634|2634|Cotton
809|712640|2640|Jute
810|712650|2650|Vegetable textile fibres, excluding cotton, jute, and waste
811|712654|2654|Agave Fibers
812|712670|2670|Other man-made fibres suitable for spinning, and waste
813|712922|2922|Natural Gums
814|714233|4233|Cotton Seed Oil
815|716545|6545|Jute Woven Fabrics
816|720573|573|Bananas
817|720611|611|Cane Sugar
818|720720|720|Cocoa
819|720721|721|Cocoa Beans
820|720722|722|Unsweetened Cocoa Powder
821|720723|723|Cocoa Butter
822|722231|2231|Copra
823|722232|2232|Palm Nuts and Kernels
824|722320|2320|Natural Rubber
825|722659|2659|Miscellaneous Vegetable Textile Fibres
826|722925|2925|Planting Seeds and Spores
827|722926|2926|Live Plants
828|722927|2927|Flowers
829|724242|4242|Palm Oil
830|724243|4243|Coconut Oil
831|724244|4244|Palm Kernel Oil
832|724314|4314|Waxes
833|731210|1210|Tobacco unmanufactured; tobacco refuse
834|731211|1211|Unstripped Tobacco
835|731212|1212|Stripped Tobacco
836|731213|1213|Tobacco Refuse
837|731220|1220|Manufactured tobacco
838|731222|1222|Cigarretes
839|731223|1223|Tobacco Substitutes
840|732655|2655|Manila Hemp
841|740571|571|Oranges
842|740572|572|Miscellaneous Citrus
843|740574|574|Apples
844|740575|575|Grapes and Raisins
845|750452|452|Unmilled Oats
846|750460|460|Wheat Flour
847|750470|470|Non-Wheat Cereal Flour
848|750481|481|Miscellaneous Cereal Grains
849|750482|482|Malt
850|750488|488|Malt Extract
851|750541|541|Potatoes
852|750542|542|Legumes
853|750544|544|Tomatoes
854|750548|548|Miscellaneous Root and Tuber Vegetables
855|750576|576|Figs
856|750582|582|Fruit Preserved by Sugar
857|750612|612|Refined Sugars
858|750615|615|Molasses
859|750710|710|Coffee and coffee substitutes
860|750711|711|Coffee
861|750750|750|Spices
862|750751|751|Pepper
863|750752|752|Spices
864|750812|812|Bran and Other Cereals Residues
865|752440|2440|Raw Cork
866|752923|2923|Vegetable Plaiting Materials
867|752924|2924|Pharmaceutical Flora
868|752929|2929|Miscellaneous Vegetable Origin Materials
869|800140|140|Preserved fish
870|800340|340|Fish
871|800341|341|Fresh Fish
872|800342|342|Frozen Fish
873|800343|343|Fish fillets
874|800344|344|Frozen Fish Fillets
875|800350|350|Fish, preserved
876|800360|360|Crustaceans and Molluscs
877|800370|370|Fish, crustaceans and molluscs, misc
878|800371|371|Miscellaneous Fish
879|800372|372|Crustaceans and molluscs, misc
880|800814|814|Inedible Flours of Meat and Fish
881|802911|2911|Bones, Ivory and Horns
882|804110|4110|Animal oils and fats
883|804111|4111|Fat and Oils of Marine Animals
884|810011|11|Bovine
885|810012|12|Sheep and goat
886|810013|13|Swine
887|810014|14|Poultry
888|810015|15|Equine
889|810019|19|live animals used for food, misc
890|810111|111|Bovine meat
891|810112|112|Sheep and Goat Meat
892|810113|113|Pig Meat
893|810114|114|Poultry meat
894|810115|115|Horse Meat
895|810116|116|Bovine and Equine Entrails
896|810118|118|Animal meat, misc
897|810120|120|Preserved meat
898|810129|129|Preserved meat
899|810141|141|Meat and fish extract
900|810142|142|Sausage
901|810149|149|Miscellaneous Prepared Meats
902|810250|250|Eggs
903|810251|251|Eggs, in shell
904|810252|252|Eggs, Shelled
905|810616|616|Honey
906|810913|913|Lard
907|814113|4113|Miscellaneous Animal Oils
908|816130|6130|Tanned Furskins
909|818483|8483|Fur Clothing
910|822680|2680|Wool and other animal hair (excluding tops)
911|822681|2681|Greasy Wool
912|822682|2682|Degreased Sheep Wool
913|822683|2683|Fine Animal Hair
914|822685|2685|Coarse Animal Hair
915|822686|2686|Wood and Animal Hair Waste
916|822687|2687|Carded Animal Hair
917|822910|2910|Crude animal materials
918|822920|2920|Crude vegetable materials, nes
919|826512|6512|Wool Yarn
920|830220|220|Milk and cream
921|830223|223|Milk
922|830224|224|Preserved Milk
923|830230|230|Butter
924|830231|231|Butter products
925|830240|240|Cheese
926|830451|451|Unmilled Rye
927|832120|2120|Raw Furs
928|835922|5922|Glues
929|842110|2110|Hides and skins, excluding furs, raw
930|842111|2111|Raw Hides of Bovine and Equine
931|842112|2112|Raw Calf Skins
932|842114|2114|Raw Goat Skins
933|842116|2116|Raw Sheep Skin with Wool
934|842117|2117|Raw Sheep Skin without Wool
935|842119|2119|Miscellaneous Hides and Skins
936|842919|2919|Miscellaneous Animal Origin Materials
937|846110|6110|Leather
938|846113|6113|Calf leather
939|846114|6114|Bovine and Equine Leather
940|846115|6115|Sheep and Lamb Leather
941|846116|6116|Leather of Miscellaneous Animal Hides
942|846118|6118|Finished Leather
943|846120|6120|Manufactures of leather or of composition leather, nes; etc
944|846121|6121|Leather Articles Used in Machinery
945|846129|6129|Miscellaneous Articles of Leather
946|902511|2511|Waste Paper
947|902665|2665|Uncarded Discontinuous Synthetic Fibers
948|902672|2672|Waste of Man-Made Fibres
949|902820|2820|Iron Waste
950|903220|3220|Coal, lignite and peat
951|903224|3224|Peat
952|905723|5723|Pyrotechnic Articles
953|905823|5823|Polyesters
954|905825|5825|Polyurethanes
955|905833|5833|Polystyrene
956|905921|5921|Starches
957|906112|6112|Leather Sheets or Rolls
958|906122|6122|Saddlery and Harness
959|906423|6423|Notebooks
960|906591|6591|Linoleum
961|906595|6595|Miscellaneous Man Made Carpets
962|906613|6613|Worked Building Stone
963|906635|6635|Mineral Wool
964|906638|6638|Asbestos Products
965|906639|6639|Miscellaneous Ceramic Articles
966|906651|6651|Glass Bottles
967|906658|6658|Miscellaneous Articles of Glass
968|906932|6932|Barbed Wire
969|906935|6935|Gauze and Netting
970|906951|6951|Farming Hand Tools
971|906999|6999|Miscellaneous Base Metal Manufactures
972|907248|7248|Leather Tanning Machinery
973|907853|7853|Wheelchairs
974|907912|7912|Miscellaneous Rail Locomotives
975|908830|8830|Developed Cinema Film
976|908924|8924|Cards and Decals
977|908928|8928|Miscellaneous Printed Matter
978|908970|8970|Jewellery, gold and other articles of precious metal
979|908972|8972|Imitation Jewellery
980|908993|8993|Candles and Matches
981|908999|8999|Miscellaneous Manufactured Goods
982|909110|9110|Postal packages
983|909310|9310|Unclassified Transactions
984|909410|9410|Miscellaneous Live Animals
985|909610|9610|Non-Gold Coin
986|xx0010|10|Live animals chiefly for food
987|xx0110|110|Meat
